[
  {
    "id": 1,
    "nombre": "Bolsa camiseta 30x40 (100u)",
    "categoria": "Bolsas",
    "precio": 3500,
    "stock": 25,
    "img": "data/images/producto1.jpeg"
  },
  {
    "id": 2,
    "nombre": "Bolsa consorcio reforzada (10u)",
    "categoria": "Bolsas",
    "precio": 4200,
    "stock": 18,
    "promo": true,
    "img": "data/images/producto2.jpeg"
  },
  {
    "id": 3,
    "nombre": "Rollo de papel cocina \"Elegante\" x3",
    "categoria": "Papel",
    "precio": 2800,
    "stock": 34,
    "img": "data/images/producto3.jpg"
  },
  {
    "id": 4,
    "nombre": "Resma A4 80g (500h)",
    "categoria": "Papel",
    "precio": 6900,
    "stock": 12,
    "img": "data/images/producto4.jpg"
  },
  {
    "id": 5,
    "nombre": "Contenedor plástico 1L (pack x10)",
    "categoria": "Envases",
    "precio": 5200,
    "stock": 20,
    "promo": true,
    "img": "data/images/producto5.jpg"
  },
  {
    "id": 6,
    "nombre": "Bolsa ecológica tela TNT (10u)",
    "categoria": "Bolsas",
    "precio": 7500,
    "stock": 15,
    "img": "data/images/producto6.jpg"
  },
  {
    "id": 7,
    "nombre": "Caja de cartón reforzada 30x30x30",
    "categoria": "Envases",
    "precio": 6900,
    "stock": 10,
    "img": "data/images/producto7.jpeg"
  },
  {
    "id": 8,
    "nombre": "Cinta adhesiva transparente 48mm x 50m",
    "categoria": "Oficina",
    "precio": 1600,
    "stock": 40,
    "img": "data/images/producto8.jpg"
  },
  {
    "id": 9,
    "nombre": "Papel higiénico \"Elegante\" (6 rollos)",
    "categoria": "Papel",
    "precio": 2500,
    "stock": 30,
    "img": "data/images/producto9.jpg"
  },
  {
    "id": 10,
    "nombre": "Bolsa negra consorcio XL (20u)",
    "categoria": "Bolsas",
    "precio": 5800,
    "stock": 22,
    "promo": true,
    "img": "data/images/producto2.jpeg"
  },
  {
    "id": 11,
    "nombre": "Vasos plásticos 180ml (pack x100)",
    "categoria": "Envases",
    "precio": 3200,
    "stock": 28,
    "img": "data/images/producto10.jpg"
  },
  {
    "id": 12,
    "nombre": "Bolsa papel madera mediana (50u)",
    "categoria": "Bolsas",
    "precio": 4600,
    "stock": 17,
    "img": "data/images/producto11.jpeg"
  },
  {
    "id": 13,
    "nombre": "Servilletas blancas 33x33 (500u)",
    "categoria": "Papel",
    "precio": 3400,
    "stock": 30,
    "img": "data/images/producto12.jpeg"
  },
  {
    "id": 14,
    "nombre": "Film adherente cocina (30cm x 300m)",
    "categoria": "Envases",
    "precio": 5600,
    "stock": 19,
    "img": "data/images/producto13.jpg"
  },
  {
    "id": 15,
    "nombre": "Vasos Termicos telgopor 250ml (pack x50)",
    "categoria": "Envases",
    "precio": 2700,
    "stock": 25,
    "img": "data/images/producto14.jpg"
  },
  {
    "id": 16,
    "nombre": "Cinta de embalar marrón 48mm x 100m",
    "categoria": "Oficina",
    "precio": 2200,
    "stock": 36,
    "img": "data/images/producto15.jpg"
  },
  {
    "id": 17,
    "nombre": "Papel reciclado A4 (500h)",
    "categoria": "Papel",
    "precio": 5900,
    "stock": 16,
    "promo": true,
    "img": "data/images/producto16.jpeg"
  },
  {
    "id": 18,
    "nombre": "Bolsa transparente polietileno (100u)",
    "categoria": "Bolsas",
    "precio": 3100,
    "stock": 26,
    "img": "data/images/producto17.jpg"
  }
]
